{"cameraMode":{"drawMode":0,"name":"Shaded","section":"Shading Mode"},"sceneLighting":true,"audioPlay":false,"sceneViewState":{"m_AlwaysRefresh":false,"showFog":true,"showSkybox":true,"showFlares":true,"showImageEffects":true,"showParticleSystems":true,"showVisualEffectGraphs":true,"m_FxEnabled":true},"in2DMode":false,"pivot":{"x":5.256999969482422,"y":0.9310001134872437,"z":3.309999942779541},"rotation":{"x":0.006407713517546654,"y":-0.9750539064407349,"z":0.2200891524553299,"w":0.028375431895256044},"size":1.603837251663208,"orthographic":false}